"produk_name","produk_deskripsi"
"nike",
"new balance",
"new balance",
"under armour sport",
"nike",
"nike",
"new balance","530 unisex sneakers shoes - grey"
"adidas","samba og men 039 s sneaker shoes - ftwr white"
"new balance","2002 men 039 s sneakers shoes - black"
"asics","asics gel-nyc 2055 unisex sneakers shoes - cream"
"adidas","samba og men 039 s sneakers - core black"
"adidas","adidas samba lt women 039 s sneakers - ftwr white"
"nike","air max plus prm men 039 s sneakers shoes - white"
"adidas","samba og men 039 s sneakers - core black"
"new balance","740 unisex sneakers shoes - black white"
"nike","air jordan 1 low men 039 s basketball shoes - black"
"new balance","530 boys sneakers shoes - grey"
"adidas","sl 72 rs men 039 s sneakers - grey"
"adidas","adidas samba lt women 039 s sneakers - core black"
"adidas","campus 00s men 039 s sneakers - collegiate navy"
"crocs","batman batmobile classic kids clog - black"
"puma","suede xl men sneakers - black"
"nike","air jordan 1 retro hi og women 039 s basketball shoes - black"
"adidas","adidas sl 72 rs men 039 s sneakers - night indigo"
"adidas","superstar men 039 s sneakers - core black"
"vans","hylane unisex sneakers shoes - black"
"new balance","550 unisex sneakers shoes - black"
"nike","air jordan 1 low se men 039 s basketball shoes - black"
"crocs","wednesday stomp unisex clog - black"
"puma","fx mb 01 50th unisex basketball shoes - white"
"new balance","530 unisex sneakers shoes - white"
"new balance","530 unisex sneakers shoes - grey"
"nike","air max plus men 039 s sneakers shoes - black"
"new balance","530 unisex sneaker shoes - white"
"new balance","2002 unisex 039 s sneaker shoes - grey"
"nike","air max plus drift men 039 s sneakers shoes - black"
"nike","tc 7900 women 039 s sneakers shoes - white"
"nike","air max plus men 039 s sneakers shoes - black"
"nike","air force 1 039 07 men 039 s basketball shoes - lt armory blue"
"new balance","530 boys sneakers shoes - grey"
"nike","air max plus boys 039 s grade school running shoes - black black-black"
"adidas","adilette 22 men 039 s sandals - core black"
"nike","air max plus women 039 s sneakers shoes - summit white"
"adidas","campus 00s men 039 s sneakers - collegiate navy"
"nike","air max plus boys 039 grade school sneakers shoes - racer blue"
"nike","air max plus women 039 s sneakers shoes - summit white"
"nike","air max plus women 039 s sneakers shoes - platinum tint"
"nike","air force 1 gs boys 039 grade school basketball shoes - vintage green"
"nike","air force 1 039 07 men 039 s basketball shoes - cosmic clay"
"crocs","crocs naruto sasuke classic clog - mineral blue"
"nike","air max plus drift men 039 s sneakers shoes - lt smoke grey"
"adidas","racer tr23 kids pre-school sneakers shoes - core black"
"nike","nike air max plus boys 039 grade school sneakers shoes - black"
"nike","air max plus boys 039 grade school sneakers shoes - black"
"nike","giannis freak 6 ep men 039 s basketball shoes - black"
"nike","giannis freak 6 ep men 039 s basketball shoes - white"
"nike","giannis freak 6 nrg ep men 039 s basketball shoes - coconut milk"
"nike","nike kd17 ep men 039 s basketball shoes - university gold"
"nike","kd17 ep men 039 s basketball shoes - deep royal blue"
"puma","mb 03 iridescent unisex basketball shoes - white"
"puma","puma mb 03 be you unisex basketball shoes - purple glimmer"
"puma","puma mb 03 cny unisex basketball shoes - puma gold"
"puma","mb 03 spark unisex basketball shoes - safety yellow"
"under armour sport","curry 11 fire unisex basketball shoes - red"
"nike","nike jordan zion 3 nrg pf men 039 s basketball shoes - bleached coral"
"nike","jordan zion 3 pf men 039 s basketball shoes - black"
"nike","nike jordan tatum 2 gpx pf men 039 s basketball shoes - blue void"
"nike","zoom freak 5 ep men 039 s basketball shoes - soft yellow"
"nike","nike zoom freak 5 ep men 039 s basketball shoes - photo blue"
"nike","nike air jordan xxxviii low pf men 039 s basketball shoes - crimson tint"
"nike","nike lebron xxi ep men 039 s basketball shoes - multicolor"
"nike","zm lebron nxxt gen ampd ep men 039 s basketball shoes - dusty cactus"
"nike","dunk low retro men 039 s basketball shoes - team red"
"nike","dunk low women 039 s basketball shoes - photon dust"
"nike","air force 1 039 07 men 039 s basketball shoes - lt armory blue"
"nike","air jordan 1 low men 039 s basketball shoes - black"
"nike","dunk low retro men 039 s basketball shoes - white"
"nike","air force 1 039 07 men 039 s basketball shoes - white"
